"Nombre común","Edad","Procedencia","Fecha de ingreso","Motivo de ingreso","Destino"
"Lobo marino común","No data","No data","1/27/2017","No data","No data"
"Pingüino de Magallanes","Juvenil","U. San Sebastián - Pto Montt","1/27/2017","Trauma","Muerte"
"Pingüino de Magallanes","Juvenil","Calbuco","1/27/2017","Otro","Liberación"
"Pingüino de Magallanes","Juvenil","U. San Sebastián - Pto Montt","1/27/2017","Otro","Muerte"
"Lobo marino común","No data","No data","1/28/2017","No data","No data"
"Pato Jergón chico","No data","Puerto Varas","2/3/2017","No data","No data"
"Gaviota dominicana","No data","Puerto Varas","2/3/2017","No data","No data"
"Lobo marino común","Juvenil","No data","2/4/2017","No data","No data"
"Pingüino de Magallanes","Juvenil","Pto Montt","2/5/2017","Trauma","Liberación"
"Pingüino de Magallanes","Adulto","Pto Montt","2/5/2017","Otro","Muerte"
"Cachaña","No data","No data","2/5/2017","No data","No data"
"Pudú","Adulto","No data","2/6/2017","Ataque de perros","Muerte"
"Huairavo","No data","No data","2/6/2017","No data","No data"
"Tortuga verde","No data","No data","2/9/2017","No data","No data"
"Gaviota Cahuil","No data","No data","2/10/2017","No data","No data"
"Pudú","Adulto","Dalcahue","2/11/2017","Atropello","Muerte"
"Cormorán yeco","No data","Ancud ","2/13/2017","Trauma","Muerte"
"Pudú","Juvenil","Calbuco","2/14/2017","Orfandad","Exhibición"
"Traro","No data","Chaitén","2/14/2017","No data","No data"
"Pingüino de Magallanes","Juvenil","Hualaihué","2/16/2017","Otro","Muerte"
"Pingüino de Magallanes","Juvenil","Ancud","2/18/2017","Otro","Muerte"
"Pingüino de Magallanes","Juvenil","Ancud","2/19/2017","Trauma","Liberación"
"Concón","No data","No data","2/25/2017","No data","No data"
"Peuquito","No data","No data","3/11/2017","No data","No data"
"Pingüino de Magallanes","Juvenil","Dalcahue","3/25/2017","Otro","Muerte"
"Loro Choroy","Adulto","No data","4/8/2017","Trauma","No data"
"Loro Choroy","Adulto","No data","4/8/2017","No data","No data"
"Cachaña","No data","No data","4/8/2017","No data","No data"
"Cachaña","No data","No data","4/8/2017","No data","No data"
"Lobo marino común","Adulto","Quemchi","4/23/2017","Trauma","No data"
"Pingüino de Magallanes","Adulto","Ancud ","4/28/2017","Trauma","Muerte"
"Cormorán yeco","No data","Castro","5/2/2017","No data","No data"
"Tórtola","Juvenil","Ancud ","5/6/2017","Trauma","No data"
"Halcón peregrino","Adulto","Dalcahue","5/7/2017","Trauma","No data"
"Gaviota dominicana","Adulto","No data","5/12/2017","Trauma","No data"
"Petrel-Paloma Antártico","Adulto","Ancud ","5/15/2017","Otro","No data"
"Cachaña","Adulto","Ancud ","5/24/2017","Trauma","No data"
"Lobo marino común","Juvenil","Castro","6/9/2017","Otro","No data"
"Gaviota dominicana","No data","No data","6/21/2017","No data","No data"
"Cormorán lile","No data","Ancud ","6/21/2017","No data","No data"
"Pelícano","No data","Ancud ","6/22/2017","Trauma","No data"
"Pelícano","No data","Ancud","7/14/2017","No data","No data"
"Huairavo","No data","Ancud","7/21/2017","Trauma","No data"
"Pato Quetru","No data","No data","7/21/2017","No data","Remisión"
"Pudú","Adulto","Ancud ","7/23/2017","Ingreso muerto","Muerte"
"Pelícano","Juvenil","Ancud","8/11/2017","Trauma","No data"
"Pingüino de Magallanes","Juvenil","Quinchao","8/13/2017","Otro","Muerte"
"Guiña","Adulto","No data","8/18/2017","Ingreso muerto","No data"
"Pudú","Juvenil","Ancud ","8/19/2017","No data","Muerte"
"Pelícano","Adulto","Ancud","8/26/2017","Trauma","No data"
"Lobo marino común","No data","Quellón","9/11/2017","Trauma","No data"
"Pudú","No data","Ancud","9/28/2017","Ingreso muerto","Muerte"
"Loro Choroy","No data","Ancud","10/3/2017","Otro","No data"
"Pudú","Adulto","Castro","10/5/2017","Atropello","Muerte"
"Gaviota dominicana","No data","Castro","10/5/2017","Trauma","No data"
"Pato Jergón","Neonato","Ancud","10/6/2017","No data","No data"
"Pato Jergón","Neonato","Ancud","10/6/2017","No data","No data"
"Pato Jergón","Neonato","Ancud","10/6/2017","No data","No data"
"Pato Jergón","Neonato","Ancud","10/6/2017","No data","No data"
"Pato Jergón","Neonato","Ancud","10/6/2017","No data","No data"
"Pato Jergón","Neonato","Ancud","10/6/2017","No data","No data"
"Pato Jergón","Neonato","Ancud","10/6/2017","No data","No data"
"Picaflor chico","Adulto","Ancud","10/6/2017","Ingreso muerto","No data"
"Cisne cuello negro","No data","Quemchi","10/6/2017","Ingreso muerto","No data"
"Cisne cuello negro","Adulto","Castro","10/10/2017","Otro","No data"
"Pudú","Adulto","Quemchi","10/27/2017","Ataque de perros","Muerte"
"Bandurria","Juvenil","Quemchi","10/27/2017","Trauma","No data"
"Petrel Gigante Antártico","Juvenil","Ancud ","11/1/2017","No data","No data"
"Guiña","Juvenil","Dalcahue","11/3/2017","Trauma ","No data"
"Pudú","Juvenil","Quemchi","11/9/2017","Orfandad","Muerte"
"Tiuque","Neonato","Castro","11/16/2017","No data","No data"
"Guiña","No data","Castro","11/20/2017","Atropello","No data"
"Tiuque","Neonato","Castro","12/1/2017","Orfandad","No data"
"Pudú","Adulto","Quellón","12/1/2017","Atropello","Muerte"
"Pingüino de Magallanes","Adulto","Ancud ","12/4/2017","Trauma","Remisión"
"Cormorán Imperial","No data","Ancud ","12/6/2017","Remisión","No data"
"Lobo marino común","Juvenil","Castro","12/7/2017","Remisión","No data"
"Pudú","Adulto","Queilen","12/7/2017","Atropello","Muerte"
"Bandurria","No data","Castro","12/9/2017","Ataque de perros","No data"
"Bandurria","No data","Castro","12/9/2017","No data","No data"
"Gaviota dominicana","No data","Ancud","12/13/2017","No data","No data"
"Bandurria","Juvenil","Castro","12/15/2019","Trauma","No data"
"Pudú","Juvenil","Castro","12/21/2017","Orfandad","Muerte"
"Bandurria","Juvenil","Ancud","12/22/2017","Ataque de perros","No data"
"Tiuque","Juvenil","Ancud","5/1/2018","Trauma","Muerte"
"Queltehue","Adulto","Ancud","8/1/2018","Trauma","Muerte"
"Monito del monte","Neonato","Chonchi","9/1/2018","Orfandad","Muerte"
"Monito del monte","Neonato","Chonchi","9/1/2018","Orfandad","Muerte"
"Monito del monte","Neonato","Chonchi","9/1/2018","Orfandad","Muerte"
"Loro Choroy","Adulto","Ancud","1/13/2018","Trauma","Muerte"
"Pingüino de Magallanes","Juvenil","Chonchi","1/14/2018","Otro","Liberación"
"Lobo marino común","Juvenil","Archipielago de los Chonos","1/15/2018","Orfandad","Muerte"
"Pingüino de Magallanes","Juvenil","Puqueldon","1/18/2018","Otro","Liberación"
"Gaviota dominicana","Adulto","Ancud","1/23/2018","Trauma","Muerte"
"Pingüino de Magallanes","Juvenil","Chonchi","1/23/2018","Trauma","Muerte"
"Gaviota dominicana","Juvenil","Ancud","1/24/2018","Otro","Liberación"
"Pudú","Adulto","Ancud","1/25/2018","Otro","Liberación"
"Pingüino de Magallanes","Juvenil","Ancud","1/30/2018","Otro","Liberación"
"Pingüino de Magallanes","Juvenil","Ancud","2/2/2018","Trauma","Muerte"
"Pingüino de Magallanes","Juvenil","Ancud","4/2/2018","Trauma","Muerte"
"Pingüino de Magallanes","Juvenil","Quemchi","5/2/2018","Trauma","Liberación"
"Pingüino de Magallanes","Juvenil","Quinchao","7/2/2018","Otro","Muerte"
"Gaviota dominicana","Juvenil","Ancud","8/2/2018","Ingreso muerto","Muerte"
"Pingüino de Magallanes","Adulto","Tirua","10/2/2018","Otro","Liberación"
"Pingüino de Magallanes","Adulto","Quellón","10/2/2018","Otro
","Muerte"
"Queltehue","Juvenil","Ancud","2/13/2018","Trauma","Liberación"
"Pingüino de Magallanes","Juvenil","Ancud","2/22/2018","Trauma  ","Muerte"
"Pingüino de Magallanes","Juvenil","Quemchi","2/22/2018","Trauma ","Muerte"
"Huairavo","Juvenil","Castro","2/27/2018","Trauma","Exhibición"
"Gaviota dominicana","Juvenil","Ancud","8/3/2018","Trauma","Muerte"
"Cachaña","Adulto","Ancud","3/14/2018","No data","No data"
"Petrel gigante","Juvenil","No data","3/14/2018","Trauma","Muerte"
"Pudú","Adulto","Castro","3/16/2018","Ataque de perros","Muerte"
"Cormorán yeco","Juvenil","Ancud","3/26/2018","Otro","Muerte"
"Pingüino de Magallanes","Adulto","Dalcahue","3/26/2018","Otro","Muerte"
"Cisne de cuello negro","Adulto","Ancud","3/27/2018","Otro","Liberación"
"Cisne de cuello negro","Juvenil","Queilen","3/28/2018","Trauma","Muerte"
"Loro Choroy","Adulto","Castro","2/4/2018","Trauma","Muerte"
"Pingüino de Magallanes","Adulto","Ancud","4/4/2018","Trauma","Muerte"
"Pingüino de Magallanes","Juvenil","Ancud","8/4/2018","Otro
","Liberación"
"Quique","No data","Dalcahue","4/13/2018","Ingreso muerto","No data"
"Bandurria","Juvenil","Ancud","4/17/2018","Trauma","Muerte"
"Gaviota dominicana","Adulto","Ancud","4/19/2018","Trauma","Muerte  "
"Loro Choroy","Adulto","Ancud","4/19/2018","Trauma","Muerte"
"Pudú","Neonato","Castro","4/23/2018","Orfandad","Muerte"
"Tiuque","Juvenil","Ancud","4/25/2018","Trauma","Muerte"
"Cernícalo","Adulto","Ancud","8/5/2018","Trauma","Muerte"
"Lobo marino común","Juvenil","Ancud","5/19/2018","Otro","Muerte"
"Pudú","Juvenil","Chonchi","4/6/2018","Atropello","Muerte  "
"Pudú","Adulto","Quemchi","6/15/2018","Ataque de perros","Liberación"
"Loro Choroy","Adulto","Castro","6/25/2018","Remisión","Muerte"
"Concón","Adulto","Ancud","1/7/2018","Trauma","Muerte"
"Cachaña","Adulto","Castro","5/7/2018","Remisión","Liberación"
"Pudú","Adulto","Quellón","5/7/2018","Trauma","Muerte"
"Lobo marino común","Juvenil","Aysen","7/7/2018","Otro","Liberación"
"Tiuque","Juvenil","Ancud","7/20/2018","Trauma","Liberación"
"Gaviota dominicana","Adulto","Dalcahue","7/25/2018","Trauma","Muerte"
"Lobo marino común","Juvenil","Quellón","7/29/2018","Otro","Liberación"
"Loro Choroy","Adulto","Chonchi","9/8/2018","Ingreso muerto","Muerte"
"Queltehue","Adulto","Ancud","8/22/2018","Trauma","Muerte"
"Pudú","Juvenil","Quellón","8/29/2018","Trauma","Muerte"
"Pudú","Juvenil","Quellón","3/9/2018","Ataque de perros","Liberación"
"Pudú","Juvenil","Ancud","11/9/2018","Trauma","Muerte"
"Lobo marino común","Juvenil","Quellón","9/21/2018","Otro","Liberación"
"Pelícano","Adulto","Ancud","9/25/2018","Trauma","Muerte"
"Lobo marino de pelo fino austral","Adulto","Chonchi","9/29/2018","Otro","Muerte"
"Cisne de cuello negro","Adulto","Quemchi","9/27/2018","Otro","Muerte"
"Cisne de cuello negro","Adulto","Ancud","2/10/2018","Trauma","Muerte"
"Lobo marino común","Juvenil","Quemchi","9/10/2018","Otro","Muerte  "
"Huairavo","Adulto","Ancud","10/30/2018","Trauma","Muerte  "
"Bandurria","Neonato","Ancud","10/31/2018","Orfandad","Muerte  "
"Loro Choroy","Adulto","Ancud","11/3/2018","Trauma","Muerte"
"Lobo marino común","Juvenil","Quellón","11/8/2018","Otro","Liberación"
"Lobo marino común","Adulto","Ancud","11/11/2018","Otro
","Muerte"
"Chuncho","Adulto","Ancud","11/25/2018","Otro
","Muerte"
"Caranca","Neonato","Ancud","11/28/2018","Orfandad","Muerte"
"Gaviota dominicana","Adulto","Ancud","12/5/2018","Trauma","Muerte"
"Bandurria","Adulto","Quellón","12/7/2018","Trauma","Muerte"
"Pingüino de Magallanes","Adulto","Ancud","12/20/2018","Trauma","Muerte"
"Lobo marino común","Juvenil","Quinchao","12/27/2018","Trauma","Remisión "
"Cisne de cuello negro","Adulto","Ancud","12/28/2018","Otro
","Muerte"
"Pudú","Adulto","Chonchi","12/31/2018","Ataque de perros","Muerte  "
"Traro","Adulto","U. San Sebastián - Pto Montt","10/4/2018","Remisión","Rehabilitación"
"Loro Choroy","Adulto","U. San Sebastián - Pto Montt","10/4/2018","Remisión","Muerte  "
"Loro Choroy","Adulto","U. San Sebastián - Pto Montt","10/4/2018","Remisión","No data"
"Loro Choroy","Adulto","U. San Sebastián - Pto Montt","10/4/2018","Remisión","No data"
"Loro Choroy","Adulto","U. San Sebastián - Pto Montt","10/4/2018","Remisión","No data"
"Loro Choroy","Adulto","U. San Sebastián - Pto Montt","10/4/2018","Remisión","No data"
"Loro Choroy","Adulto","U. San Sebastián - Pto Montt","10/4/2018","Remisión","No data"
"Traro","Adulto","U. San Sebastián - Pto Montt","10/4/2018","Remisión","Muerte"
"Loro Choroy","Adulto","U. San Sebastián - Pto Montt","10/4/2018","Remisión","Muerte"
"Loro Choroy","Adulto","U. San Sebastián - Pto Montt","10/4/2018","Remisión","Muerte  "
"Loro Choroy","Adulto","U. San Sebastián - Pto Montt","10/4/2018","Remisión","Muerte  "
"Loro Choroy","Adulto","U. San Sebastián - Pto Montt","10/4/2018","Remisión","No data"
"Loro Choroy","Adulto","U. San Sebastián - Pto Montt","10/4/2018","Remisión","No data"
"Loro Choroy","Adulto","U. San Sebastián - Pto Montt","10/4/2018","Remisión","No data"
"Loro Choroy","Adulto","U. San Sebastián - Pto Montt","10/4/2018","Remisión","No data"
"Loro Choroy","Adulto","U. San Sebastián - Pto Montt","10/4/2018","Remisión","No data"
"Loro Choroy","Adulto","U. San Sebastián - Pto Montt","10/4/2018","Remisión","No data"
"Loro Choroy","Adulto","U. San Sebastián - Pto Montt","10/4/2018","Remisión","No data"
"Loro Choroy","Adulto","U. San Sebastián - Pto Montt","10/4/2018","Remisión","No data"
"Loro Choroy","Adulto","U. San Sebastián - Pto Montt","10/4/2018","Remisión","No data"
"Loro Choroy","Adulto","U. San Sebastián - Pto Montt","10/4/2018","Remisión","No data"
"Loro Choroy","Adulto","U. San Sebastián - Pto Montt","10/4/2018","Remisión","No data"
"Loro Choroy","Adulto","U. San Sebastián - Pto Montt","10/4/2018","Remisión","Muerte"
"Loro Choroy","Adulto","Senda Romahue","12/20/2018","Remisión","No data"
"Loro Choroy","Adulto","Senda Romahue","12/20/2018","Remisión","No data"
"Loro Choroy","Adulto","Senda Romahue","12/20/2018","Remisión","No data"
"Loro Choroy","Adulto","Senda Romahue","12/20/2018","Remisión","No data"
"Loro Choroy","Adulto","Senda Romahue","12/20/2018","Remisión","No data"
"Loro Choroy","Adulto","Osorno","12/20/2018","Remisión","No data"
"Pudú","Adulto","Pto Varas","12/20/2018","Remisión","Muerte"
"Pingüino de Magallanes","Juvenil","Guaitecas","1/6/2019","Otro","Liberación"
"Pingüino de Magallanes","Juvenil","Ancud","1/11/2019","Otro","Liberación"
"Bandurria","Juvenil","Ancud","1/11/2019","Trauma","Liberación"
"Pingüino de Magallanes","Juvenil","Ancud","1/12/2019","Trauma","Muerte"
"Pudú","Adulto","Ancud","1/12/2019","Otro","Muerte"
"Pingüino de Magallanes","Juvenil","Ancud","1/14/2019","Trauma","Liberación"
"Pingüino de Magallanes","Juvenil","Chonchi","1/14/2019","Otro","Liberación"
"Pingüino de Magallanes","Juvenil","Quemchi","1/16/2019","Otro","Muerte"
"Pingüino de Magallanes","Juvenil","Chonchi","1/18/2019","Otro","Liberación"
"Pingüino de Magallanes","Juvenil","Ancud","1/21/2019","Trauma","Muerte"
"Pingüino de Magallanes","Juvenil","Ancud","1/21/2019","Trauma","Muerte"
"Pingüino de Magallanes","Juvenil","Chonchi","1/22/2019","Trauma","Liberación"
"Pelícano","Juvenil","Ancud","1/22/2019","Trauma","Liberación"
"Pingüino de Magallanes","Juvenil","U. San Sebastián - Pto Montt","1/23/2019","Trauma","Liberación"
"Gaviota Dominicana","Adulto","Ancud","1/23/2019","Trauma","Liberación"
"Bandurria","Adulto","Ancud","1/25/2019","Trauma","Liberación"
"Cernícalo","Juvenil","Castro","1/25/2019","Trauma","Muerte"
"Pudú","Adulto","Dalcahue","1/25/2019","Ataque de perros","Muerte"
"Pingüino de Magallanes","Juvenil","Ancud","1/25/2019","Otro","Liberación"
"Pudú","Juvenil","Ancud","1/26/2019","Otro","Liberación"
"Pingüino de Magallanes","Juvenil","Ancud","1/26/2019","Trauma","Liberación"
"Pingüino de Magallanes","Juvenil","Calbuco","1/28/2019","Trauma","Muerte"
"Pelícano","Juvenil","Ancud","1/28/2019","Otro","Muerte"
"Pingüino de Magallanes","Juvenil","Chonchi","1/29/2019","Otro","Liberación"
"Pudú","Adulto","Hualaihue","1/29/2019","Ataque de perros","Muerte"
"Bandurria","Adulto","Ancud","1/29/2019","Trauma","Muerte"
"Cachaña","Juvenil","U. San Sebastián - Pto Montt","1/31/2019","Remisión","Muerte"
"Cisne Coscoroba","Adulto","U. San Sebastián - Pto Montt","1/31/2019","Remisión","Muerte"
"Tiuque","Polluelo","U. San Sebastián - Pto Montt","1/31/2019","Remisión","Liberación"
"Tiuque","Juvenil","U. San Sebastián - Pto Montt","1/31/2019","Remisión","Muerte"
"Tiuque","Juvenil","U. San Sebastián - Pto Montt","1/31/2019","Remisión","Muerte"
"Pato Real","Adulto","U. San Sebastián - Pto Montt","1/31/2019","Remisión","Muerte"
"Pato Jergón Chico","Adulto","U. San Sebastián - Pto Montt","1/31/2019","Remisión","Liberación"
"Pingüino de Magallanes","Juvenil","Ancud","2/1/2019","Trauma","Muerte"
"Pingüino de Magallanes","Juvenil","Ancud","2/3/2019","Orfandad","Liberación"
"Lobo marino común","Juvenil","Ancud","2/4/2019","Otro","Liberación"
"Pingüino de Magallanes","Juvenil","Ancud","2/5/2019","Trauma","Muerte"
"Pudú","Adulto","Quellón","2/7/2019","Ataque de perros","Muerte"
"Pingüino de Magallanes","Juvenil","Ancud","2/9/2019","Trauma","Muerte"
"Pingüino de Magallanes","Juvenil","Ancud","2/11/2019","Trauma ","Muerte"
"Monito del monte","Juvenil","Cochamó","2/12/2019","Orfandad","Muerte"
"Pingüino de Magallanes","Juvenil","Ancud","2/15/2019","Trauma","Muerte"
"Pingüino de Magallanes","Juvenil","Pto Montt","2/17/2019","Trauma","Muerte"
"Pingüino de Magallanes","Adulto","Ancud","2/18/2019","Trauma","Muerte"
"Lobo marino común","Juvenil","Quellón","2/18/2019","Orfandad","Muerte"
"Cormorán imperial","Juvenil","Ancud","2/21/2019","Trauma","Muerte"
"Pingüino de Magallanes","Juvenil","Ancud","2/21/2019","Trauma","Muerte"
"Pingüino de Humboldt","Adulto","Maullín","2/21/2019","Otro","Liberación"
"Pingüino de Magallanes","Juvenil","Ancud  ","2/21/2019","Otro","Muerte"
"Pingüino de Magallanes","Juvenil","Ancud","2/22/2019","Trauma","Muerte"
"Pingüino de Magallanes","Juvenil","Calbuco","2/23/2019","Trauma ","Liberación"
"Pingüino de Magallanes","Adulto","Chonchi","2/24/2019","Otro","Muerte"
"Tiuque","Juvenil","Chonchi","2/26/2019","Trauma","Muerte"
"Loro Choroy","Adulto","Chonchi","2/27/2019","Trauma","Muerte"
"Pingüino de Magallanes","Adulto","Chonchi","2/27/2019","Trauma ","Liberación"
"Gaviota dominicana","Adulto","Ancud","2/27/2019","Trauma","Muerte"
"Loro Choroy","Adulto","Castro","3/2/2019","Otro","Muerte"
"Paloma","Neonato","Quellón","3/6/2019","Orfandad","Muerte"
"Bandurria","Juvenial","Ancud","3/7/2019","Trauma","Muerte"
"Loro Choroy","Adulto","Ancud  ","3/11/2019","Trauma","Muerte"
"Güiña","Adulto","Ancud  ","3/17/2019","Atropello","Muerte"
"Loro Choroy","Adulto","Chonchi","4/5/2019","Trauma ","Muerte"
"Pudú","Adulto","Ancud","4/9/2019","Ataque de perros","Muerte"
"Albatros cabeza gris","Juvenil","Castro","4/24/2019","Trauma","Muerte"
"Tiuque","Juvenil","Ancud","5/9/2019","Otro","Liberación"
"Pudú","Adulto","Chonchi","5/16/2019","Atropello","Muerte"
"Pelícano","Juvenil","Ancud","6/1/2019","Trauma","Muerte"
"Cachaña","Juvenil","Chonchi","6/11/2019","Trauma ","Muerte"
"Cachaña","Adulto","Chonchi","6/11/2019","Trauma ","Muerte"
"Cachaña","Juvenil","Castro","6/21/2019","Trauma ","Muerte"
"Pudú","Juvenil","Ancud","6/21/2019","Trauma ","Muerte"
"Gaviota dominicana","Adulto","Ancud","2/9/2019","Ingreso muerto","Muerte"
"Pudú","Adulto","Ancud","6/30/2019","Atropello","Muerte"
"Cisne de Cuello negro","Juvenil","Quemchi","7/18/2019","Otro","Muerte"
"Petrel Paloma","Adulto","Ancud","7/19/2019","Trauma ","Muerte"
"Pudú","Adulto","Ancud","7/20/2019","Atropello","Muerte"
"Lobo marino común","Juvenil","Quellón","7/22/2019","Trauma ","Muerte"
"Cachaña","Adulto","Queilen","7/24/2019","Trauma ","Muerte"
"Huairavo","Adulto","Ancud","8/30/2019","Trauma ","Muerte"
"Gaviotín sudamericano","Adulto","Ancud","9/11/2019","Trauma ","Muerte"
"Pudú","Adulto","Ancud  ","11/5/2019","Ataque de perros","Muerte"
"Pudú","Adulto","Quemchi","11/24/2019","Trauma ","Muerte"
"Pudú","Adulto","Dalcahue","12/6/2019","Atropello","Muerte"
"Pudú","Juvenil","Dalcahue","12/7/2019","Atropello","Muerte"
"Bandurria","Juvenil","Ancud","12/13/2019","Ingreso muerto","Muerte"
"Pudú","Juvenil","Ancud  ","12/15/2019","Ataque de perros","Muerte"
"Tiuque","Juvenil","Ancud","12/18/2019","Trauma ","Muerte"
"Gaviota dominicana","Neonato","Ancud","12/21/2019","Orfandad","Liberación"
"Fío fío","Adulto","Ancud","12/28/2019","Trauma ","Muerte"
"Lobo marino común","Juvenil","Ancud  ","12/28/2019","Trauma ","Liberación"
"Pudú","Adulto","Ancud","12/31/2019","Ataque de perros","Muerte"
"Cisne de cuello negro","Adulto","Ancud","1/3/2020","Otro","Muerte"
"Pudú","Adulto","Ancud","1/6/2020","Atropello","Muerte"
"Pingüino de magallanes","Juvenil","Osorno","1/10/2020","Trauma ","Muerte"
"Choroy","Adulto","Castro","1/11/2020","Trauma","exibición"
"Pingüino de magallanes","Juvenil","Queilen","1/15/2020","Otro","Liberación "
"Gaviota dominicana","Adulto","Ancud","1/17/2020","Traum","Exhibición"
"Pingüino de magallanes","Juvenil","Ancud","1/17/2020","Otro","Muerte"
"Pingüino de magallanes","Juvenil","Ancud","1/19/2020","Otro","Muerte"
"Marsopa espinosa","Juvenil","Ancud ","1/20/2020","Ingresa muerto","Muerte"
"Pelícano","Juvenil","Ancud","1/23/2020","Ingresa muerto","Muerte"
"Pingüino de magallanes","Juvenil","Pto Montt","1/24/2020","Otro","Liberación "
"Pingüino de magallanes","Juvenil","Los Muermos","1/25/2020","Trauma ","Liberación "
"Pingüino de magallanes","Juvenil","Calbuco","1/26/2020","Trauma ","Rehabilitación"
"Pingüino de magallanes","Juvenil","Quellón","1/26/2020","Trauma ","Muerte"
"Pingüino de magallanes","Juvenil","Pto Montt","1/27/2020","Trauma ","Rehabilitación"
"Bandurria","Juvenil","Quinchao","1/31/2020","Trauma ","Muerte"
"Pingüino de magallanes","Juvenil","San Juan de la Costa","1/31/2020","Otro","Muerte"
"Pudú","Adulto","Quellón","2/10/2020","Ataque de perros","Muerte"
"Pudú","Juvenil","Ancud","2/12/2020","Ataque de perros","Muerte"
"Pingüino de magallanes","Juvenil","Chonchi","2/13/2020","Trauma ","Muerte"
"Pingüino de magallanes","Juvenil","Ancud","2/16/2020","Trauma ","Muerte"
"Lobo marino común","Juvenil","Chonchi","2/18/2020","Otro","Liberación"
"Pudú","Adulto","Queilen","2/19/2020","Otro","Muerte"
"Lobo marino común","Juvenil","Maullin","2/19/2020","Otro","Liberación"
"Cachaña","Neonato","Quellón","2/22/2020","Otro","Muerte"
"Cachaña","Neonato","Quellón","2/22/2020","Otro","Liberación "
"Cachaña","Neonato","Quellón","2/22/2020","Otro","Liberación "
"Cachaña","Neonato","Quellón","2/22/2020","Otro","Liberación "
"Cachaña","Neonato","Quellón","2/22/2020","Otro","Liberación "
"Pingüino de magallanes","Juvenil","Hualaihue","2/4/2020","Trauma ","Muerte"
"Pudú","Juvenil","Ancud","2/7/2020","Atropello","Muerte"
"Pingüino de magallanes","Juvenil","Ancud","3/8/2020","Trauma ","Liberación "
"Chuncho","Juvenil","Ancud","3/9/2020","Otro","Liberación"
"Choroy","Adulto","Quellón","3/11/2020","Trauma ","Muerte"
"Petrel gigante anatartico","Juvenil","Quellón","3/11/2020","Otro","Muerte"
"Martín pescador","Adulto","Quemchi","3/12/2020","Trauma ","Muerte"
"Choroy","Adulto","U. San Sebastián - Pto Montt","3/19/2020","Otro","Muerte"
"Choroy","Adulto","U. San Sebastián - Pto Montt","3/19/2020","Otro","Muerte"
"Choroy","Adulto","U. San Sebastián - Pto Montt","3/19/2020","Trauma ","Muerte"
"Tortuga olivacea","Adulto","Quemchi","4/3/2020","Trauma ","Muerte"
"Choroy","Adulto","Quemchi","4/2/2020","Otro","Liberación"
"Pudú","Juvenil","Castro ","4/9/2020","Ataque de perros","Muerte"
"Tiuque","Adulto","Ancud","4/13/2020","Trauma ","Muerte"
"Pudú","Juvenil","Ancud","5/1/2020","Ataque de perros","Muerte"
"Choroy","Adulto","Castro","5/6/2020","Trauma ","Muerte"
"Pudú","Adulto","Chonchi","5/20/2020","Ataque de perros","Muerte"
"Garza chica","Adulto  ","","","Trauma ","Muerte"
"Gaviota dominicana","Adulto","Ancud","5/17/2020","Trauma ","Muerte"
"Pudú","Adulto","Chonchi","5/20/2020","Ataque de perros","Muerte"
"Pudú","Adulto","Chonchi","5/28/2020","Ataque de perros","Muerte"
"Pudú","Adulto","Ancud","6/1/2020","Ataque de perros","Muerte"
"Cachaña","Adulto","Ancud","6/8/2020","Trauma ","Muerte"
"Piquero","Adulto","Ancud","6/12/2020","Otro","Muerte"
"Cachaña","Adulto","Ancud","6/25/2020","Trauma ","Muerte"
"Lobo marino común","Adulto","Ancud","6/30/2020","Trauma ","Muerte"
"Concon","Juvenil","Ancud","7/3/2020","Trauma ","Exhibición"
"Cernícalo","Adulto","Ancud","7/19/2020","Otro","Liberación"
"Lobo fino","Juvenil","Ancud","7/20/2020","Otro","Muerte"
"Pudú","Adulto","Dalcahue","7/21/2020","Ataque de perros","Muerte"
"Queltehue","Adulto","Ancud","7/22/2020","Trauma ","Muerte"
"Tortuga olivacea","Juvenil","Quinchao","7/24/2020","Ingresa muerto","Muerte"
"Pudú","Adulto","Dalcahue","8/1/2020","Atropello","Muerte"
"Pudú","Adulto","Dalcahue","7/25/2020","Ataque de perros","Muerte"
"Lobo marino común","","","","",""
"Pudú","Adulto","Chonchi","9/7/2020","Ataque de perros","Muerte"
"choroy","Adulto","Ancud","9/12/2020","Otro","Muerte"
"Gaviota dominicana","Adulto","Ancud","10/2/2020","Trauma ","Muerte"
"picaflor chico","","Castro","10/18/2020","Trauma ",""
"Lobo marino común","Juvenil","Hualaihue","10/21/2020","Trauma ","Muerte"
"Pudú","Adulto","Ancud","10/22/2020","Ataque de perros","Muerte"
"Choroy","Adulto","Castro","10/25/2020","Trauma ","Muerte"
"Pudú","Adulto","Castro","10/29/2020","Ataque de perros","Muerte"
"Bandurria","Juvenil","Ancud","11/2/2020","Trauma ","Muerte"
"Bandurria","Adulto","Quellón","11/6/2020","Trauma ","Muerte"
"Loro Choroy","Adulto","Ancud","11/11/2020","Trauma ","Muerte"
"Tiuque","Adulto","Castro","11/16/2020","Trauma ","Muerte"
"Loro Choroy","Adulto","Ancud","11/16/2020","Otro","Muerte"
"Loro Choroy","Adulto","Ancud  ","11/16/2020","Trauma ","Muerte"
"Bandurria","Neonato","Ancud","11/16/2020","Otro","Muerte"
"Loro Choroy","Adulto","Ancud","11/16/2020","Trauma ","Muerte"
"Pudú","Adulto","Ancud ","11/16/2020","Ataque de perros","Muerte"
"Bandurria","Juvenil","Ancud","11/20/2020","Trauma ","Muerte"
"Bandurria","Neonato","Ancud","11/20/2020","Otro","Muerte"
"Tiuque","Juvenil","Castro","11/22/2020","Trauma ","Muerte"
"Pudú","Adulto","Quemchi","11/23/2020","Ataque de perros","Liberación "
"Pudú","Adulto","Ancud","11/26/2020","Ataque de perros","Muerte"
"Pitio","Juvenil","Ancud","11/26/2020","Otro","Muerte"
"cometocino","Neonato","Castro","11/30/2020","Orfandad","Liberación "
"Pudú","Juvenil","Quellón","12/2/2020","Atropello","Liberación "
"Tiuque","","Quellón","12/2/2020","Trauma ","No data"
"Coipo","Adulto","Ancud","12/2/2020","Ataque de perros","Muerte"
"pudú","Adulto","Castro","12/8/2020","Ataque de perros","Muerte"
"Bandurria","Neonato","Castro","12/9/2020","Orfandad","Muerte"
"lobo marino común","Neonato","Ancud","12/15/2020","Otro","Muerte"
"lobo marino común","Neonato","Ancud","12/17/2020","Otro",""
"Tiuque","Adulto","Castro ","12/22/2020","Otro","Muerte"
"Cisne de Cuello Negro","Adulto","Chonchi","12/22/2020","Trauma ","Muerte"
"Pudú","Adulto Juvenil"," Ancud","12/31/2020","Ataque de perros","Liberación"
"Pingüino de Humboldt","Juvenil","Ancud","12/28/2020","Laceraciones en zona axilar","Muerte"
"Pingüino de Magallanes","Juvenil","Ancud","1/2/2021","Trauma","Liberación"
"Pudú","Adulto","Castro","1/5/2021","Atropello","Muerte"
"Delfin Austral","Juvenil","Queilen","1/6/2021","Ingreso muerto","Muerte"
"Tiuque","Adulto","No data","1/7/2021","Trauma",""
"Pudú","Juvenil","Queilen","1/7/2021","Trauma","Muerte"
"Pato Jergon","Adulto","Quellón","1/7/2021","Trauma","Muerte"
"Cachudito","Neonato","Ancud","1/14/2021","Otro","Muerte"
"Bandurria","Juvenil ","U. San Sebastián - Pto Montt","1/15/2021","Orfandad","Muerte"
"Bandurria","Juvenil","U. San Sebastián - Pto Montt","1/15/2021","Orfandad","Muerte"
"Lobo marino","Juvenil","U. San Sebastián - Pto Montt","1/15/2021","Trauma","Liberación"
"Loro Choroy","Adulto","Quellón","1/16/2021","Trauma",""
"Pato jergón grande","Adulto","Ancud","1/19/2021","Trauma","Muerte"
"Bandurria","Adulto","Ancud","1/20/2021","Otro","Muerte"
"Pingüino Magallánico","Juvenil","Ancud","1/21/2021","Trauma","Muerte"
"Bandurria","Juvenil ","Ancud","1/21/2021","Otro","Muerte"
"Pingüino de Magallanes","Juvenil","Ancud","1/24/2021","Otro","Muerte"
"Pudú","Juvenil","Ancud","1/24/2021","Ataque de perros","Muerte"
"Pudú","Juvenil","Quemchi","1/25/2021"," Atropello","Muerte"
"Lobo marino","Juvenil","Castro","1/29/2021","Trauma","Liberación"
"Loro Choroy","Juvenil","Castro","1/29/2021","Trauma","Muerte"
"Pingüino magallanico","Juvenil","Quellón","2/4/2021","Otro","Muerte"
"Loro Choroy","Juvenil","Quellón","2/11/2021","Otro","Liberación"
"Cisne cuello negro","Neonato","Puqueldon","15/02/0201","Trauma","Muerte"
"Cachaña","Juvenil","Chonchi","2/16/2021","Trauma","Muerte"
"Bandurria","Juvenil","Quellón","2/19/2021","Ingreso muerto","Muerte"
"Queltehue","Adulto","Ancud","2/19/2021","Trauma","Muerte"
"Choroy","Juvenil","Chonchi","2/22/2021","Trauma","Muerte"
"Pingüino de Magallanes","Juvenil","Ancud","2/25/2021","Trauma","Muerte"
"Tiuque","Juvenil","Dalcahue","2/25/2021","Trauma","Muerte"
"Queltehue","Adulto","Dalcahue","2/25/2021","Otro","Muerte"
"Pingüino de Magallanes","Juvenil","Calbuco","2/27/2021","Otro","Muerte"
"Pudú","Adulto","Ancud","2/27/2021","Ataque de perros","Muerte"
"Choroy","Adulto","Castro","3/1/2021","Trauma","Muerte"
"Cachaña","Juvenil","","3/8/2021","Otro","Muerte"
"Choroy","Adulto","Ancud","3/10/2021","Trauma","Muerte"
"Cormoran imperial","Adulto","Ancud","3/11/2021","Otro","Muerte"
"Cernicalo","Juvenil","Ancud","3/17/2021","Otro","Muerte"
"Pudú","Adulto","Quemchi","3/17/2021","Otro","Muerte"
"Picaflor chico","Juvenil","No data","3/18/2021","Trauma","Muerte"
"Tiuque","Juvenil","Dalcahue","3/20/2021","Otro","Muerte"
"Zarapito comun","Adulto","Puente Quilo","3/20/2021","Trauma","Muerte"
"Pudú","Neonato","Ancud","3/20/2021","Trauma","Muerte"
"Pato quetru no volador","Adulto","No data","3/20/2021","Otro","Muerte"
"Aguilucho cola rojiza","Juvenil","Castro","3/23/2021","Trauma","Muerte"
"Cachaña","Adulto","Dalcahue","3/24/2021","Trauma","Muerte"
"Choroy","Adulto","Dalcahue","3/24/2021","Trauma","Exhibición"
"Huairavo","Juvenil","Ancud","3/25/2021","Trauma","Muerte"
"Pudú","Juvenil","Castro","3/26/2021","Otro","Liberación"
"Pudú","Juvenil","Ancud","3/27/2021","Trauma","Muerte"
"Tiuque","Adulto","Ancud","4/1/2021","Trauma","Liberación"
"Tiuque","Juvenil","Dalcahue","4/12/2021","Otro","Muerte"
"Lechuza","Adulto","Chonchi","4/15/2021","Trauma","Muerte"
"Cormoran imperial","Juvenil","Ancud","4/16/2021","Otro","Muerte"
"Fardela negra","Adulto","Ancud","4/4/2021","Otro","Liberación"
"Lechuza","Adulto","Dalcahue","5/1/2021","Trauma","Liberación"
"Pelícano","Adulto","Ancud","5/8/2021","Trauma","Muerte"
"Guiña","Juvenil","Quellón","5/10/2021","Ingreso muerto","Muerte"
"Pudú","Adulto","Queilen","5/11/2021","Atropello","Muerte"
"Diucon","Juvenil","Chonchi","5/13/2021","Trauma","Muerte"
"Pudú","Adulto","Dalcahue","5/18/2021","Ataque de perros","Muerte"
"Pudú","Juvenil","Ancud","5/20/2021","Otro","Muerte"
"Peuquito","Adulto","Ancud","5/30/2021","Otro","Liberación"
"Cisne cuello negro","Adulto","Ancud","6/5/2021","Trauma","Muerte"
"Pudú","Adulto","Dalcahue","6/5/2021","Atropello","Muerte "
"Lobo marino","Juvenil","Quemchi","6/7/2021","Trauma","Muerte"
"Martín pescador","Adulto","Ancud","6/9/2021","Trauma","Muerte"
"Pudú","Adulto","Dalcahue","6/10/2021","Trauma","Muerte"
"Gaviota","Adulto","Dalcahue","6/11/2021","Trauma","Muerte"
"Pudú","Adulto","Castro","6/12/2021","Atropello","Muerte"
"Becacina","Adulto","Ancud","6/13/2021","Trauma","Muerte"
"lobo fino antártico","Adulto","Chonchi","6/14/2021","Otro","Muerte"
"Cormoran Yeco","Adulto","Ancud","6/18/2021","Otro","Muerte"
"Pudú","Adulto","Quemchi","7/1/2021","Ataque de perros","Muerte"
"Cormorán Yeco","Adulto","Castro","7/3/2021","Otro","Muerte"
"Lobo marino comun","Juvenil","Quinchao","7/4/2021","Otro","Liberación "
"Pelícano","Adulto","Ancud","7/5/2021","Trauma","Muerte"
"Pelícano","Adulto","Ancud","7/12/2021","Otro","Muerte"
"Chuncho","Adulto","Ancud","7/14/2021","Atropello","Muerte"
"Lobo marino común","Juvenil","Ancud","7/14/2021","Otro","Liberación"
"Zorro chilote","Adulto ","Quellón","7/15/2021","Ataque de perros","Muerte"
"Pudú","Adulto","Ancud","7/15/2021","Ataque de perros","Muerte"
"Lobo marino común","Juvenil","Ancud","7/18/2021","Otro","Muerte"
"Tiuque","Adulto","Ancud","7/20/2021","Trauma","Liberación "
"Cisne cuello negro","Adulto","-","7/26/2021","Ataque de perros","Muerte"
"Cachaña","Adulto","Rauco","7/28/2021","Trauma","Muerte"
"Lobo marino común","Adulto","Ancud","7/29/2021","Trauma","Liberación"
"Lobo marino común","Juvenil","Quemchi ","7/30/2021","Orfandad","Muerte"
"Pudú","Adulto","Quellón","7/31/2021","Trauma","Muerte"
"Pudú","Adulto","Quemchi","8/2/2021","Ataque de perros","Muerte"
"Gaviota dominicana","Adulto","No data","8/3/2021","Otro","Muerte"
"Monito del monte","Adulto","Castro","8/16/2021","Otro","Muerte"
"Bandurria","Juvenil","Ancud","8/25/2021","Trauma","Muerte"
"Cormorán Guanay","Juvenil","Ancud","8/27/2021","Atropello ","Muerte"
"Piquero","Adulto","Ancud","8/28/2021","Otro","Muerte"
"Cormorán Lile","Juvenil","Ancud","8/30/2021","Otro","Muerte"
"Cormorán Guanay","Juvenil","Ancud","9/6/2021","Otro","Muerte"
"Cachaña","Adulto ","Castro","9/8/2021","Trauma","Muerte"
"Cormorán Lile","Juvenil","Ancud","9/9/2021","Otro","Muerte"
"cachaña","Adulto","Castro","9/11/2021","Trauma","Rehabilitación"
"Lobo marino común","Juvenil","Ancud","9/11/2021","Otro","Liberación"
"Queltehue","Adulto","Quinchao","9/21/2021","Trauma","Muerte"
"Gaviota Cahuil","Adulto","No data","9/29/2021","Trauma","Muerte"
"Gaviota cahuil","Adulto","Quinchao","9/29/2021","Trauma","Muerte"
"Pudú","Juvenil","Ancud","9/29/2021","Otro","Muerte"
"Pudú","Adulto","Dalcahue","9/30/2021","Atropello","Muerte"
"flamenco chileno","aduto","Ancud","10/11/2021","Trauma","Muerte"
"Pudú","Adulto ","Quemchi","10/11/2021","Ataque de perros","Muerte"
"lobo marino comun","Juvenil","Ancud","10/12/2021","Otro","Muerte"
"Lechuza","Adulto","No data","10/12/2021","Atropello","Muerte"
"nuco","Adulto","Castro","10/16/2021","Trauma","Muerte"
"monito de monte","Adulto","castro","10/16/2021","Otro","Liberación"
"concon","Juvenil","Ancud","10/18/2021","Trauma","Muerte"
"pato yeco","Adulto","Ancud","No data","Trauma","Liberación"
"Gaviota dominicana","Juvenil","Dalcahue","10/25/2021","Otro","Muerte"
"cisne de cuello negro","Neonato","Dalcahue","10/25/2021","Orfandad","Muerte"
"queltehue","Adulto","Ancud","10/27/2021","Trauma","Muerte"
"Pudú","Adulto","Ancud","10/28/2021","Ingreso muerto","Muerte"
"Pudú","Juvenil","Quellón","10/31/2021","Atropello","Muerte"
"Tiuque","Juvenil","Ancud","No data","Orfandad","Muerte"
"Chincol","Adulto","Ancud","11/12/2021","Trauma","Muerte"
"Bandurria","Adulto","Dalcahue","11/15/2021","Trauma","Muerte"
"Lechuza blanca","Adulto","Ancud","11/16/2021","Trauma","Muerte"
"Bandurria","Adulto","Dalcahue","11/16/2021","Trauma","Muerte"
"Bandurria","Juvenil","Dalcahue","11/16/2021","Trauma","Muerte"
"Bandurria","Juvenil","Castro","11/19/2021","Orfandad","Muerte"
"Cormorán Lile","Adulto","Castro","11/19/2021","Trauma","Muerte"
"Pingüino magallanico","Juvenil","U. San Sebastián - Pto Montt","11/28/2021","Trauma","Muerte"
"PATO GERGON CHICO","Juvenil","castro","11/25/2021","Trauma","Muerte"
"Gaviota cahuil","Adulto","Chonchi","11/25/2021","Trauma","Muerte"
"Pudú","Juvenil","No data","No data","Atropello ","Muerte"
"Gaviota dominicana","Adulto","quemchi","12/1/2021","Trauma","Muerte"
"chuncho","Adulto","quemchi","12/1/2021","Atropello","Liberación"
"bandurria","Adulto","Ancud","12/3/2021","Ingreso muerto",""
"bandurria","Adulto","Ancud","12/3/2021","Ataque de perros","Muerte"
"cisne de cuello negro","polluelo","No data","No data","No data","Muerte"
"loro choroy","Adulto","Quellón","No data","No data","Muerte"
"bandurria","Juvenil","Quellón","12/9/2021","Orfandad","Muerte"
"No data","No data","No data","No data","No data","No data"
"Pudú","Adulto","castro","12/12/2021","Atropello","Muerte"
"bandurria","Juvenil","Quellón","12/12/2021","Orfandad","Muerte"
"tiuque","Juvenil","Curaco de Vélez","12/12/2021","Otro","Muerte"
"Pudú","Adulto","Ancud","12/17/2021","Ataque de perros","Muerte"
"Pudú","Neonato","Ancud","12/18/2021","Orfandad","Muerte"
"pato real","Neonato","Ancud","12/18/2021","Ataque de perros","Muerte"
"tiuque","Juvenil","Ancud","12/22/2021","Trauma","Muerte"
"Pudú","Adulto","Ancud","12/23/2021","Otro","Muerte"
"Gaviota dominica","Adulto","Ancud","12/26/2021","Otro","Muerte"
"Golondrina chilena","Neonato","Dalcahue","12/29/2021","Orfandad","Muerte"
"Tiuque","Neonato","Quellón","12/29/2021","Orfandad","Muerte"
"Pudú","Adulto","Dalcahue","12/29/2021","","Muerte"
"queltehue","Juvenil","Dalcahue","12/31/2021","No data","Muerte"
"Pudú","Adulto","Ancud","1/2/2022","Ataque de perros","Muerte"
"Pingüino Magallánico","Juvenil","No data","1/2/2022","Otro","Muerte"
"Carpinterito","Adulto","No data","1/2/2022","Otro","Muerte"
"Pudú","Neonato","Chonchi","1/3/2022","Orfandad","Muerte"
"Pudú","Adulto","Castro","1/3/2022","Ingreso muerto ","Muerte"
"Pudú","Neonato","Castro","1/3/2022","Ingreso muerto","Muerte"
"Pudú","Adulto","Ancud","1/4/2022","Ataque de perros","Muerte"
"Bandurria","Adulto","Pto Montt","1/4/2022","Ingreso muerto","Muerte"
"Pudú","Adulto","Ancud","1/5/2022","Atropello","Muerte"
"Monito del monte","Neonato","Dalcahue","1/6/2022","Orfandad","Muerte"
"Diuca","Adulto","Ancud","1/5/2022","Otro","Muerte"
"Loro choroy","Adulto","Castro","1/6/2022","Trauma","Muerte"
"Pingüino Magallánico","Juvenil","Ancud","1/6/2022","Trauma","Liberación"
"Queltehue","Juvenil","Ancud","1/6/2022","Trauma","Muerte"
"Pudú","Neonato","Dalcahue","1/7/2022","Orfandad","Muerte"
"Gaviota dominicana","Neonato","Ancud","1/9/2022","Orfandad","Liberación"
"Fio fio","Adulto","Ancud","1/10/2022","Otro","Muerte"
"Pingüino Magallánico","Juvenil","Chonchi","1/10/2022","Otro","Muerte"
"Pingüino Magallánico","Juvenil"," Ancud","1/11/2022","Otro","Liberación"
"Pingüino Magallánico","Juvenil","Dalcahue","1/11/2022","Otro","Muerte"
"Monito del monte","Neonato","Castro","1/11/2022","Orfandad","Muerte"
"Queltehue","Juvenil","Ancud","1/14/2022","Trauma","Muerte"
"Pudú","Adulto","Ancud","1/16/2022","Ataque de perros","Muerte"
"Pingüino Magallánico","Juvenil","Ancud","1/16/2022","Trauma","Muerte"
"Murciélago rojizo","Juvenil","Chonchi","1/17/2022","Trauma","Muerte"
"Pingüino Magallánico","Juvenil","Ancud","1/17/2022","Otro","Muerte"
"Pingüino Magallánico","Juvenil","Queilen","1/20/2022","Otro","Muerte"
"Pudú","Neonato","Castro","1/24/2022","Atropello","Muerte"
"Tiuque","Adulto","Castro","1/26/2022","Trauma","Muerte"
"Pudú","Neonato","Ancud","1/28/2022","Otro","Muerte"
"Pingüino Magallánico","Juvenil","Ancud","1/29/2022","Trauma","Muerte"
"Gaviota Dominicana","Juvenil","Ancud","1/30/2022","Trauma","Liberación"
"Pudú","Adulto","Ancud","1/31/2022","Ataque de perros","Muerte"
"Pingüino Magallánico","Adulto","Ancud","1/31/2022","Ingreso muerto","Muerte"
"Pudú","Adulto","Ancud","1/31/2022","Atropello","Muerte"
"Zorzal","Juvenil","Ancud","2/1/2022","Trauma","Muerte"
"Gaviota Dominicana","Juvenil","Ancud","2/3/2022","Otro","Liberación"
"Pingüino Magallánico","Juvenil","Chonchi","2/4/2022","Otro","Muerte"
"Pingüino Magallánico","Juvenil","Chonchi","2/5/2022","Otro","Muerte"
"Pudú","Adulto","Castro","2/5/2022","Atropello","Liberación"
"Loro cachaña","Adulto","Castro","2/5/2022","Otro","Muerte"
"Lobo fino austral","Adulto","Quinchao","2/7/2022","Trauma","Muerte"
"Pudú","Adulto","Castro","2/7/2022","Ataque de perros","Muerte"
"Murcielago orejon austral","Adulto","Dalcahue","2/9/2022","Otro","Liberación"
"Blanquillo","Adulto","Ancud","2/11/2022","Otro","Liberación"
"Pato Quetru","Juvenil","Quemchi","2/12/2022","Trauma","Muerte"
"Pingüino Magallánico","Juvenil","Ancud","2/12/2022","Otro","Muerte"
"Pudú","Adulto","Ancud","2/12/2022","Atropello","Liberación"
"Pudú","Neonato","Ancud","2/16/2022","Orfandad","Muerte"
"Pudú","Juvenil","Chonchi","2/17/2022","Ataque de perros","Muerte"
"Traro","Juvenil","Ancud","2/18/2022","Trauma","Liberación"
"Pudú","Adulto","Ancud","2/18/2022","Ataque de perros","Muerte"
"Queltehue","Adulto","Ancud","2/21/2022","Trauma","Muerte"
"Pudú","Adulto","Chonchi","2/25/2022","Atropellado","Muerte"
"Peuquito","Juvenil","Pto Montt","3/2/2022","Trauma","Muerte"
"Cisne de cuello negro","Adulto","Ancud","3/4/2022","Trauma","Muerte"
"Gaviota dominicana","Adulto","Ancud","3/5/2022","Trauma","Muerte"
"Pudú","Adulto","Dalcahue","3/5/2022","Ataque de perros","Muerte"
"Pato jergon chico","Adulto","Ancud","3/6/2022","Otro","Muerte"
"Golondrina","Juvenil","Ancud","3/8/2022","Orfandad","Muerte"
"Torcaza","Adulto","Ancud","3/8/2022","Trauma","Muerte"
"Pingüino Magallánico","Juvenil","Ancud","3/9/2022","Otro","Muerte"
"Pudú","Adulto","Quemchi","3/9/2022","Ataque de perros","Muerte"
"Zarapito comun","Adulto","Ancud","3/10/2022","Trauma","Muerte"
"Gato Guiña","Adulto","Ancud","3/10/2022","Trauma","Liberación"
"Huairavo","Juvenil","No data","3/10/2022","Trauma","Muerte"
"Gaviota Dominicana","Juvenil","Ancud","3/12/2022","Trauma","Muerte"
"Loro Choroy","Adulto","Castro","3/16/2022","Trauma","Muerte"
"Tortuga verde","Juvenil","Chaitén","3/18/2022","Trauma","Remisión"
"Loro Choroy","Adulto","Ancud","3/22/2022","Trauma","Muerte"
"Monito del monte","Juvenil","Ancud","3/23/2022","Otro","Muerte"
"Loro Choroy","Adulto","Dalcahue","3/23/2022","Otro","Muerte"
"Loro Choroy","Adulto","Dalcahue","3/23/2022","Otro","Muerte"
"Pudú","Adulto","Queilen","3/23/2022","Otro","Muerte"
"Chuncho","Adulto","Dalcahue","3/24/2022","Trauma","Muerte"
"Zarapito de pico recto","Adulto","Ancud  ","3/25/2022","Trauma","Muerte"
"Loro choroy","Adulto","Ancud","3/30/2022","Trauma","Liberación "
"Picaflor chico","Adulto","Ancud","3/30/2022","Trauma","Muerte"
"Concon","Juvenil","Curaco de Vélez","3/31/2022","Trauma","Muerte"
"Fio fio","Juvenil","Chonchi","4/1/2022","Trauma","Muerte"
"Loro choroy","Adulto","Castro","4/1/2022","Trauma","Muerte"
"Pudú","Juvenil","Quellón","4/2/2022","Trauma","Muerte"
"Loro choroy","Adulto","Ancud","4/5/2022","Trauma","Liberación"
"Tortuga olivacea","Adulto","Chonchi","4/5/2022","Otro","Muerte"
"Monito del Monte","Juvenil","Castro","4/8/2022","Otro","Muerte"
"Coipo","Adulto","Ancud","4/12/2022","Atropello","Muerte"
"Lagartija de vientre azul","Adulto","Ancud","4/15/2022","Otro","Muerte"
"Pudú","Adulto","Quemchi","4/16/2022","Ataque de perros","Muerte"
"Lobo marino común","Juvenil","Chonchi","4/18/2022","Orfandad","Liberación"
"Fardela Negra","Adulto","Ancud","4/26/2022","Otro","Muerte"
"Pudú","Adulto","Chonchi","4/30/2022","Ataque de perros","Muerte"
"Pudú","Neonato","Ancud","5/2/2022","Orfandad","Liberación"
"Loro choroy","Juvenil","No data","5/5/2022","Trauma","Muerte"
"Lechuza","Adulto","No data","5/5/2022","Ingreso muerto","Muerte"
"Pudú","Neonato ","Chonchi","5/13/2022","Ingreso muerto","Muerte"
"Gaviota Dominicana","Juvenil","Ancud","5/15/2022","Trauma","Muerte"
"Rara","Juvenil","Ancud","5/19/2022","Otro","Muerte"
"Cormoran Lile","Juvenil","Dalcahue","5/19/2022","Ataque de perros","Muerte"
"Pudú","Adulto","Ancud","5/29/2022","Ataque de perros","Muerte"
"Pudú","Adulto","Castro","6/4/2022","Ingreso muerto","Muerte"
"Loro cachaña","Adulto","Quinchao","6/12/2022","Trauma","Muerte"
"Pudú","Adulto","Ancud","6/12/2022","Atropello","Liberación"
"Loro cachaña","Juvenil","Quemchi","6/15/2022","Trauma","Rehabilitación"
"Gaviota Dominicana","Juvenil","Quemchi","6/15/2022","Trauma","Muerte"
"Pudú","Adulto","Castro","6/17/2022","Ataque de perros","Muerte"
"Pudú","Adulto","Quemchi","6/17/2022","Ataque de perros","Muerte"
"Pudú","Adulto","Ancud","6/18/2022","Ataque de perros","Muerte"
"Lobo marino común","Juvenil"," Ancud","6/23/2022","Ataque de perros","Liberación"
"Chuncho","Adulto","Ancud","6/25/2022","Otro","Muerte"
"Queltehue","Neonato","Ancud","6/26/2022","Trauma ","Muerte"
"Loro choroy","Juvenil","Chonchi","6/28/2022","Trauma","Muerte"
"Cisne de cuello negro","Adulto","Ancud","7/4/2022","Trauma","Muerte"
"Piquero","Juvenil","Ancud","7/8/2022","Otro","Muerte"
"Zorzal","Adulto","Ancud","7/8/2022","Trauma","Muerte"
"Pelícano","Juvenil","Ancud","7/11/2022","Ingreso muerto","Muerte"
"Chuncho","Adulto","Ancud","7/15/2022","Otro","Liberación"
"Pelícano","Juvenil","Ancud","7/16/2022","Ingreso muerto","Muerte"
"Pelícano","Juvenil","Ancud ","7/17/2022","Otro","Liberación"
"Loro cachaña","Juvenil"," Castro","7/18/2022","Trauma","Muerte"
"Pudú","Juvenil","Dalcahue","7/18/2022","Ataque de perros ","Liberación"
"Pudú","Juvenil","Ancud","7/21/2022","Ataque de perros","Muerte"
"Lobo marino común","Juvenil","Quellón","7/23/2022","Ataque de perros","Muerte"
"Cormoran","Juvenil","Ancud","7/24/2022","Ataque de perros","Muerte"
"Loro cachaña","Juvenil","Ancud","7/31/2022","Trauma","Muerte"
"Pudú","Juvenil","Dalcahue ","8/3/2022","Ataque de perros","Liberación"
"Loro cachaña","Juvenil","Chonchi","8/4/2022","Trauma","Muerte"
"Foca Leopardo","Juvenil","Ancud","8/6/2022","Trauma","Liberación"
"Pudú","Juvenil","Quellón","8/12/2022","Ataque de perros","Liberación"
"Piquero","Juvenil","Ancud ","8/13/2022","Trauma","Muerte"
"Queltehue","Adulto","Castro","8/19/2022","Otro","Muerte"
"Cormoran","Juvenil","Ancud ","8/20/2022","Otro","Muerte"
"Lobo marino común","Juvenil","Ancud","8/22/2022","Ingreso muerto","Muerte"
"Tiuque","Juvenil","Quellón","8/26/2022","Trauma","Muerte"
"Gaviota Dominicana","Adulto","Castro","8/26/2022","Otro","Muerte"
"Lobo Marino común","Juvenil","Queilen","8/27/2022","Orfandad","Muerte"
"diucón","Adulto","Ancud","8/30/2022","Trauma","Muerte"
"Loro cachaña","Adulto","Ancud","8/30/2022","Ataque de perros","Muerte"
"Fardela Negra","Adulto","Ancud","8/30/2022","Otro","Liberación"
"Coipo","Adulto","Ancud","9/1/2022","Otro","Muerte"
"Lobo marino común","Juvenil"," Quellón","9/2/2022","Otro","Liberación"
"Huairavo","Juvenil","Ancud","9/5/2022","Trauma","Muerte"
"Pudú","Adulto"," Ancud","9/5/2022","Ataque de perros","Liberación"
"Pudú","Adulto","Chonchi  ","9/7/2022"," Ataque de perros","Muerte"
"Pudú","Juvenil","Chonchi ","9/7/2022","Ataque de perros","Muerte"
"Pudú","Adulto","Chonchi","9/10/2022","Ataque de perros","Muerte"
"Lobo marino común","Juvenil","Dalcahue","9/11/2022","Orfandad","Liberación"
"Pudú","Adulto","Ancud","9/12/2022","Atropello","Liberación"
"Pudú","Adulto","Quemchi","9/12/2022","Ataque de perros","Liberación"
"Pudú","Adulto"," Dalcahue","9/13/2022"," Ataque de perros","Muerte"
"Pingüino Magallánico","Juvenil","Queilen","9/17/2022","Trauma","Muerte"
"Monito del Monte","Juvenil","Ancud","9/17/2022","Ataque de perros","Muerte"
"Loro cachaña","Juvenil","Quellón","9/23/2022","Otro","Muerte"
"Bandurria","Juvenil","Castro","9/23/2022","Otro","Muerte"
"Loro cachaña","Juvenil","Castro","9/24/2022","Otro","Muerte"
"Bandurria","Juvenil","Ancud","9/26/2022","Otro","Liberación"
"Pudú","Adulto"," Quemchi","9/28/2022","Ataque de perros ","Muerte"
"Loro choroy","Adulto","Ancud  ","10/4/2022","Otro","Liberación"
"Pudú","Adulto","Ancud","10/6/2022","Atropello","Muerte"
"Monito del Monte","Adulto","Ancud","10/8/2022","Ataque de perros","Muerte"
"Loro choroy","Juvenil","Puqueldon","10/9/2022","Trauma","Muerte"
"Lechuza","Juvenil","Ancud","10/13/2022","Trauma","Muerte"
"Lobo marino común","Juvenil","U. San Sebastián - Pto Montt","10/17/2022","Remisión","Liberación"
"Pudú","Juvenil","Ancud","10/18/2022","Ataque de perros","Muerte"
"Bandurria","Juvenil","Castro","10/19/2022","Orfandad","Liberación"
"Gato Guiña","Adulto","Ancud ","10/23/2022","Remisión","Liberación"
"Gaviota Dominicana","Adulto","Dalcahue","10/25/2022","Atropello","Muerte"
"Lobo marino común","Juvenil","Ancud","10/29/2022","Otro","Muerte"
"Bandurria","Juvenil","Castro","11/2/2022","Orfandad","Muerte"
"Bandurria","Juvenil","Castro","11/2/2022","Otro","Muerte"
"Bandurria","Adulto","Ancud","11/8/2022","Trauma","Liberación"
"Cometocino Patagónico","Neonato","Ancud","11/8/2022","Otro","Muerte"
"Pudú","Adulto","Chonchi","11/11/2022","Atropello","Muerte"
"Lobo marino común","Juvenil","Puqueldon","11/11/2022","Orfandad","Muerte"
"Bandurria","Juvenil","Ancud","11/12/2022","Trauma","Liberación"
"Bandurria","Juvenil","Dalcahue","11/17/2022","Otro","Muerte"
"Pudú","Adulto","Ancud","11/19/2022","Ataque de perros","Muerte"
"Pudú","Neonato"," Ancud","11/20/2022","Otro","Muerte"
"Tiuque","Juvenil","Puqueldon","11/21/2022","Trauma","Muerte"
"Pudú","Juvenil","Ancud","11/24/2022","Otro","Muerte"
"Pudú","Adulto","Castro","11/24/2022","Ataque de perros","Muerte"
"Bandurria","Juvenil","Dalcahue","11/24/2022","Trauma","Muerte"
"Huairavo","Adulto","Dalcahue","11/24/2022","Trauma","Muerte"
"Pudú","Adulto","Ancud","11/26/2022","Ataque de perros","Muerte"
"Pudú","Adulto","Quemchi","11/26/2022","Ataque de perros","Muerte"
"Pudú","Juvenil","Chonchi","11/28/2022","Ataque de perros","Liberación"
"Pudú","Adulto","Dalcahue","11/30/2022","Ataque de perros","Liberación"
"Tiuque","Juvenil","Osorno","12/1/2022","Orfandad ","Muerte"
"Tiuque","Neonato","Osorno","12/1/2022","Orfandad","Muerte"
"Queltehue","Adulto","Pto Montt","12/1/2022","Ataque de perros","Muerte"
"Coipo","Adulto","Ancud","12/2/2022","Remisión","Liberación"
"Coipo","Adulto","Ancud","12/2/2022","Remisión","Liberación"
"Loro choroy","Juvenil","Chonchi","12/3/2022","Trauma","Liberación"
"Pudú","Adulto","Quemchi","12/13/2022","Ataque de perros","Muerte"
"Pudú","Adulto","Quellón","12/13/2022","Atropello","Muerte"
"Gaviota Dominicana","Neonato","Ancud","12/14/2022","Orfandad","Liberación"
"Picaflor chico","Adulto","Ancud","12/15/2022","Trauma","Liberación"
"Tiuque","Neonato","Ancud","12/16/2022","Orfandad","Liberación"
"Bandurria","Juvenil","Castro","12/19/2022","Trauma","Liberación"
"Loro cachaña","Juvenil","Castro","12/19/2022","Trauma","Rehabilitación"
"Pudú","Juvenil","Castro","12/19/2022","Atropello","Muerte"
"Chuncho","Adulto","Ancud","12/20/2022","Atropello","Muerte"
"Zorzal","Juvenil"," Ancud","12/21/2022","Trauma","Muerte"
"Gato guiña","Adulto"," Ancud","12/21/2022","Atropello","Liberación"
"Pudú","Neonato","Castro","12/23/2022","Ataque de perros","Muerte"
"Picaflor chico","Adulto","Castro","12/23/2022","Ingreso muerto","Muerte"
"Monito del Monte","Neonato"," Chonchi","12/29/2022","Orfandad","Muerte"
"Monito del Monte","Neonato"," Chonchi","12/29/2022","Orfandad","Liberación"
"Monito del Monte","Neonato","Chonchi","12/29/2022","Orfandad","Liberación"
"Monito del monte","Neonato","Ancud  ","1/1/2023","Orfandad","Muerte"
"Gaviota Dominicana","Adulto","Ancud","1/4/2023","Otro","Muerte"
"Gaviota Dominicana","Adulto","Ancud","1/4/2023","Otro","Muerte"
"Gaviota Dominicana","Adulto","Ancud","1/4/2023","Otro","Muerte"
"Gaviota Dominicana","Adulto","Ancud","1/4/2023","Otro","Muerte"
"Gaviota Dominicana","Adulto","Ancud","1/4/2023","Otro","Muerte"
"Gaviota Dominicana","Adulto","Ancud","1/4/2023","Otro","Muerte"
"Gaviota Dominicana","Adulto","Ancud","1/4/2023","Otro","Muerte"
"Gaviota Dominicana","Adulto","Ancud","1/4/2023","Otro","Muerte"
"Gaviota Dominicana","Adulto","Ancud","1/4/2023","Otro","Muerte"
"Gaviota Dominicana","Juvenil","Ancud","1/4/2023","Otro","Muerte"
"Gaviota Dominicana","Juvenil","Ancud","1/4/2023","Otro","Muerte"
"Gaviota Dominicana","Juvenil","Ancud","1/4/2023","Otro","Muerte"
"Gaviota Dominicana","Neonato","Ancud","1/5/2023","Orfandad","Liberación"
"Bandurria","Juvenil","Castro","1/5/2023","Orfandad","Liberación"
"Chuncho","Juvenil","Castro","1/5/2023","Trauma","Liberación"
"Pingüino Magallánico","Juvenil","Calbuco","1/11/2023","Otro","Muerte"
"Lobo marino común","Juvenil","U. San Sebastián - Pto Montt","1/11/2023"," Orfandad","Liberación"
"Pingüino Magallánico","Juvenil","U. San Sebastián - Pto Montt","1/11/2023","Trauma","Muerte"
"Pingüino Magallánico","Juvenil"," Quellón","1/13/2023","Otro","Muerte"
"Tiuque","Juvenil","Puqueldon","1/13/2023","Trauma","Muerte"
"Gaviota Cahuil","Juvenil","Quellón","1/13/2023","Trauma","Muerte"
"Pudú","Adulto","Ancud  ","1/16/2023","Atropello","Muerte"
"Lobo marino común","Juvenil","Puqueldon","1/17/2023","Orfandad","Muerte"
"Gaviota Dominicana","Juvenil","Ancud","1/17/2023","Orfandad","Muerte"
"Pitio","Juvenil","Castro","1/19/2023","Trauma","Muerte"
"Gaviotín Sudamericano","Adulto","Dalcahue","1/19/2023","Otro","Muerte"
"Loro Cachaña","Juvenil","U. San Sebastián - Pto Montt","1/19/2023","No data","Rehabilitación"
"Gaviota Cahuil","Adulto","Pto Montt","1/19/2023","Otro","Liberación"
"Pudú","Neonato","U. San Sebastián - Pto Montt","1/19/2023","Orfandad","Muerte"
"Pingüino Magallánico","Juvenil","Ancud","1/20/2023","Trauma","Liberación"
"Bandurria","Juvenil","Castro","1/20/2023","Orfandad","Muerte"
"Tiuque","Juvenil","Quinchao","1/20/2023","Otro","Liberación"
"Torcaza","Neonato","Quinchao","1/20/2023","Trauma","Muerte"
"Jote de Cabeza Colorada","Adulto","Chonchi","1/23/2023","Otro","Liberación"
"Lobo marino común","Juvenil","Ancud","1/23/2023","Orfandad","Muerte"
"Lobo marino común","Juvenil","Ancud  ","1/24/2023","Orfandad","Muerte"
"Pingüino Magallánico","Juvenil","Chonchi","1/25/2023","Trauma","Liberación"
"Pudú","Adulto","Quemchi","1/25/2023","Atropello","Muerte"
"Huairavo","Neonato","Castro","1/26/2023","Orfandad ","Liberación"
"Picaflor chico","Neonato","Chonchi","1/27/2023","Orfandad","Muerte"
"Pudú","Adulto","Quemchi","1/28/2023","Ataque de perros","Muerte"
"Pingüino Magallánico","Juvenil","Chonchi","1/30/2023","Otro","Rehabilitación"
"Gaviota Dominicana","Juvenil","Ancud","2/1/2023","Otro","Liberación"
"Pingüino Magallánico","Juvenil","Ancud  ","2/1/2023","Trauma","Liberación"
"Pingüino Magallánico","Juvenil","Quellón","2/2/2023","Otro","Muerte"
"Tiuque","Juvenil","Chonchi","2/2/2023","Trauma","Muerte"
"Pingüino Magallánico","Juvenil","Ancud  ","2/2/2023","Otro","Muerte"
"Pingüino Magallánico","Juvenil","Ancud  ","2/5/2023","Trauma","Liberación"
"Pingüino Magallánico","Juvenil","Ancud  ","2/7/2023","Trauma","Liberación"
"Loro Choroy","Adulto","Ancud","2/8/2023","Trauma","Rehabilitación"
"Jote de cabeza negra","Neonato","Ancud  ","2/8/2023","Orfandad","Liberación"
"Pingüino Magallánico","Juvenil","Ancud  ","2/9/2023","Otro","Muerte"
"Pudú","Adulto","Ancud  ","2/9/2023","Atropello ","Muerte"
"Picaflor chico","Juvenil","Chonchi","2/15/2023","No data","Muerte"
"Loro Choroy","Juvenil","Chonchi","2/15/2023","Otro","Liberación"
"Loro Choroy","Neonato","Quemchi","2/17/2023","Otro","Liberación"
"Loro Choroy","Neonato","Quemchi","2/17/2023","Otro","Liberación"
"Pudú","Neonato"," Quemchi","2/17/2023","Ingreso muerto","Muerte"
"Pingüino Magallánico","Adulto","Ancud  ","2/21/2023","Otro","Muerte"
"Pudú","Neonato","Ancud","2/27/2023","Atropello","Muerte"
"Zorro Chilote","Adulto ","Quellón","2/27/2023","Otro","Muerte"
"Loro choroy","Juvenil","Castro","3/1/2023","Trauma","Rehabilitación"
"Loro cachaña","Juvenil","Dalcahue","3/3/2023","Trauma","Muerte"
"Tiuque","Juvenil","Castro","3/8/2023","Trauma","Exhibición"
"Loro Choroy","Neonato","Quellón","3/10/2023","Ataque de perros","Rehabilitación"
"Loro Choroy","Neonato","Ancud","3/13/2023","Trauma","Muerte"
"Loro Choroy","Neonato","Castro","3/17/2023","Otro","Rehabilitación"
"Pudú","Adulto","Ancud  ","3/18/2023","Atropello","Muerte"
"Gaviota Dominicana","Juvenil","Ancud  ","3/19/2023","Trauma","Muerte"
"Pudú","Adulto","Chonchi","3/20/2023","Ataque de perros","Muerte"
"Pudú","Adulto","Dalcahue","3/21/2023","Atropello","Liberación"
"Tiuque","Juvenil","Ancud","3/21/2023","Trauma","Exhibición"
"Queltehue","Juvenil","puqueldon","3/22/2023","Trauma","Muerte"
"Pudú","Adulto","Dalcahue","3/25/2023","Atropello","Muerte"
"Gato Güiña","Juvenil","Ancud  ","3/25/2023","Otro","Muerte"
"Pudú","Neonato","Ancud  ","3/26/2023","Ataque de perros","Muerte"
"Pudú","Adulto","Chonchi","3/28/2023","Ataque de perros","Muerte"
"Bailarín","Adulto","Frutillar","3/31/2023","Trauma","Muerte"
"Loro Cachaña","Juvenil","Pto Montt","4/1/2023","Trauma","Muerte"
"Pudú","Adulto","Ancud","4/4/2023","Atropello","Muerte"
"Pudú","Adulto","Ancud  ","4/4/2023","Atropello","Muerte"
"Monito del Monte","Juvenil","Los muermos","4/6/2023","Otro","Liberación"
"Pudú","Adulto","Quellón","4/4/2023","Otro","Liberación"
"Traro","Juvenil","Chonchi","4/13/2023","Otro","Muerte"
"Loro Choroy","Juvenil","Puerto Varas","4/17/2023","Otro","Muerte"
"Loro Cachaña","Juvenil","Castro","4/17/2023","Trauma","Liberación"
"Loro Cachaña","Juvenil","Osorno","4/21/2023","Trauma","Rehabilitación"
"Loro Choroy","Juvenil","Osorno","4/21/2023","Trauma","Rehabilitación"
"Loro Choroy","Juvenil","Quellón","4/21/2023","Otro","Rehabilitación"
"Pudú","Adulto","Quemchi","4/29/2023","Atropello","Liberación"
"Pudú","Adulto","Chonchi","5/1/2023","Ataque de perros","Muerte"
"Pudú","Adulto","Quemchi","5/1/2023","Atropello","Muerte"
"Monito del Monte","Juvenil","Chonchi","5/5/2023","Otro","Muerte"
"Nuco","Juvenil","U. San Sebastián - Pto Montt","5/8/2023","Otro","Exhibición"
"Pudú","Neonato","U. San Sebastián - Pto Montt","5/8/2023","Atropello","Rehabilitación"
"Loro Choroy","Juvenil","U. San Sebastián - Pto Montt","5/8/2023","Orfandad","Rehabilitación"
"Loro Choroy","Adulto","U. San Sebastián - Pto Montt","5/8/2023","Trauma","Rehabilitación"
"Loro Choroy","Juvenil","U. San Sebastián - Pto Montt","5/8/2023","Otro","Rehabilitación"
"Loro Choroy","Juvenil","U. San Sebastián - Pto Montt","5/8/2023","Trauma","Rehabilitación"
"Loro Choroy","Adulto","U. San Sebastián - Pto Montt","5/8/2023","Trauma","Rehabilitación"
"Loro Choroy","Adulto","U. San Sebastián - Pto Montt","5/8/2023","Trauma","Rehabilitación"
"Loro Choroy","Juvenil","U. San Sebastián - Pto Montt","5/8/2023","Otro","Rehabilitación"
"Pudú","Adulto","Ancud  ","5/12/2023","Ataque de perros","Muerte"
"Queltehue","Adulto","Chonchi","5/19/2023","Otro","Liberación"
"Chuncho","Adulto","Quemchi","5/20/2023","Atropello","Liberación"
"Chuncho","Juvenil"," Ancud","5/20/2023","Otro","Muerte"
"Pudú","Adulto","Quemchi","5/23/2023","Otro","Muerte"
"Tiuque","Juvenil"," Ancud","5/31/2023","Trauma","Liberación"
"Zorzal","Adulto"," Ancud","6/6/2023","Trauma","Muerte"
"Pudú","Adulto","Ancud  ","6/15/2023","Ataque de perros","Muerte"
"Lechuza","Adulto","Ancud  ","6/15/2023","Atropello","Liberación"
"Chuncho","Adulto","Ancud","6/26/2023","Otro","Liberación"
"Coipo","Adulto","Chonchi","6/26/2023","Atropello","Muerte"
"Queltehue","Adulto","Castro","6/27/2023","Trauma","Muerte"
"Pudú","Adulto","Ancud  ","7/3/2023","Ataque de perros","Liberación"
"Tortuga verde","Adulto","Ancud  ","7/9/2023","Ingreso muerto","Muerte"
"Queltehue","Adulto","Ancud","7/12/2023","Trauma","Muerte"
"Pudú","Adulto","Castro","7/20/2023","Ataque de perros","Muerte"
"Pudú","Adulto","Dalcahue","7/26/2023","Ataque de perros","Muerte"
"Banduria","Adulto","Ancud  ","8/1/2023","Otro","Muerte"
"Lechuza","Adulto","Curaco de Vélez","8/2/2023","Atropello","Rehabilitación"
"Pudú","Adulto","Ancud  ","8/3/2023","Ataque de perros","Muerte"
"Pudú","Adulto"," Quellón","8/7/2023","Ataque de perros","Muerte"
"Bandurria","Adulto","Quellón","8/8/2023","Trauma","Muerte"
"Chuncho","Juvenil","Chonchi","8/10/2023","Atropello","Liberación"
"Pudú","Adulto","Ancud  ","8/11/2023","Otro","Muerte"
"Chuncho","Juvenil","Ancud  ","8/11/2023","Atropello","Liberación"
"Zorro Chilla","Juvenil","Pto Montt","8/12/2023","Atropello","Liberación"
"Pelícano","Adulto","Pto Montt","8/18/2023","Otro","Muerte"
"Tiuque","Juvenil","Puerto Montt","8/25/2023","Trauma","Muerte"
"Loro Cachaña","Juvenil","Puerto Montt","8/25/2023","Trauma","Muerte"
"Pudú","Juvenil","Ancud","9/5/2023","Ataque de perros","Liberación"
"Picaflor chico","Adulto"," Ancud","9/7/2023","Trauma","Muerte"
"Pudú","Adulto","Quellón","9/8/2023","Ataque de perros","Muerte"
"Cotorra de Kramer","Adulto"," Castro","9/13/2023","Otro","Remisión"
"Bandurria","Neonato","Puerto Varas","9/13/2023","Orfandad","Liberación"
"Queltehue","Neonato","Ancud","9/14/2023","Orfandad","Muerte"
"Culebra de cola corta","Adulto"," Castro","9/24/2023","Trauma","Muerte"
"Concon","Adulto","Puerto Varas","10/2/2023","Trauma","Muerte"
"Cisne de Cuello Negro","Neonato","Quemchi","10/4/2023","Orfandad","Muerte"
"Loro Cachaña","Juvenil","Los muermos","10/8/2023","Trauma","Muerte"
"Gato Guiña","Adulto"," Ancud","10/9/2023","Otro","Liberación"
"Pudú","Adulto","Quemchi","10/12/2023","Ataque de perros","Muerte"
"Bandurria","Neonato","Los muermos","10/12/2023","Orfandad","Muerte"
"Bandurria","Neonato","Los muermos","10/12/2023","Orfandad","Muerte"
"Bandurria","Neonato","Llanquihue","10/13/2023","Orfandad","Muerte"
"Jote de Cabeza Negra","Juvenil","Ancud","10/13/2023","Trauma","Muerte"
"Pudú","Adulto","Ancud","10/14/2023","Atropello","Muerte"
"Queltehue","Neonato"," Dalcahue","10/16/2023","Orfandad","Muerte"
"Pitio","Juvenil","Ancud","10/16/2023","Orfandad","Muerte"
"Tiuque","Neonato","Frutillar","10/18/2023","Orfandad","Muerte"
"Queltehue","Juvenil","Dalcahue","10/19/2023","Otro","Muerte"
"Pudú","Adulto","Ancud","10/20/2023","Ataque de perros","Liberación"
"Bandurria","Neonato","Ancud","10/21/2023","Orfandad","Muerte"
"Bandurria","Neonato","Ancud","10/21/2023","Orfandad","Muerte"
"Pudú","Adulto","No data","10/26/2023","Ataque de perros","Muerte"
"Bandurria","Neonato","Ancud","10/26/2023","Orfandad","Muerte"
"Bandurria","Neonato","Ancud","10/26/2023","Orfandad","Muerte"
"Bandurria","Neonato","Ancud","10/26/2023","Orfandad","Rehabilitación"
"Bandurria","Juvenil","Quellón","10/31/2023","Trauma","Rehabilitación"
"loro choroy","Juvenil","Queilen","10/31/2023","Otro","Muerte"
"Pudú","Adulto","Quellón","11/1/2023","Atropello","Muerte"
"Traro","Juvenil","castro","11/1/2023","Otro","Rehabilitación"
"Pudú","Juvenil","ancud","11/4/2023","Ataque de perros","Muerte"
"Pudú","Adulto","quemchi","11/5/2023","Ataque de perros","Muerte"
"Bandurria","Juvenil","Puerto varas","11/6/2023","Orfandad","Muerte"
"Bandurria","Adulto","castro","11/6/2023","Trauma","Muerte"
"Pudú","Adulto"," ancud","11/8/2023","Atropello","Muerte"
"Loro choroy","Juvenil","No data","11/13/2023","Otro","Muerte"
"coipo","Juvenil"," Quellón","11/13/2023","Atropello","Muerte"
"Queltehue","Juvenil","Quinchao","11/14/2023","Trauma","Muerte"
"Loro choroy","Juvenil","Rio negro","11/16/2023","Otro","Muerte"
"Bandurria","Juvenil","Purranque","11/16/2023","Orfandad","Muerte"
"Pudú","Adulto","Ancud","11/17/2023","Ataque de perros","Muerte"
"Pudú","Adulto","Chonchi","19/11//2023","Atropello","Muerte"
"Pudú","Juvenil","Ancud","11/22/2023","Ataque de perros","Muerte"
"Pudú","Adulto","Chonchi","11/26/2023","Ataque de perros","Muerte"
"golondrina","No data","Ancud","11/26/2023","Otro","Muerte"
"Pudú","No data","Ancud","11/28/2023","Ataque de perros","Muerte"
"Bandurria","Neonato","Frutillar ","11/28/2023","Orfandad","Muerte"
"Bandurria","Juvenil","Ancud","11/29/2023","Trauma","Muerte"
"Bandurria","Juvenil","Chonchi","11/29/2023","Orfandad","Muerte"
"Picaflor chico","Neonato","Pto Montt","11/29/2023","Orfandad","Muerte"
"Pudú","No data","Chonchi","12/3/2023","Atropello","Muerte"
"Bandurria","Neonato","Ancud","12/5/2023","Orfandad","Muerte"
"Bandurria","Adulto","Dalcahue","12/5/2023","Otro","Muerte"
"Queltehue","Neonato","Castro ","12/11/2023","Otro","Muerte"
"Cachaña","Juvenil","Castro","12/15/2023","Otro","Rehabilitación"
"Pudú","Adulto","Ancud","12/20/2023","Atropello","Muerte"
"Tiuque","Juvenil","Ancud","20/12/0202","Trauma","Muerte"
"Pudú","Adulto","Quellón","12/26/2023","Atropello","Muerte"
"Pingüino","Juvenil","Ancud","12/26/2023","Trauma","Muerte"
"Monito del monte","Juvenil","Dalcahue","12/27/2023","Otro","Rehabilitación"
"Pudú","Juvenil","Quellón","No data","Atropello","Muerte"
"Bandurria","Adulto","Ancud","12/29/2023","Otro","Rehabilitación"
"Fiofio","No data","Castro","12/29/2023","Otro","Muerte"
"Fiofio","Adulto","Ancud","1/3/2024","Otro","Muerte"
"Golondrina","Neonato","Ancud","1/4/2024","Orfandad","Muerte"
"Golondrina","Neonato","Ancud","1/4/2024","Orfandad","Muerte"
"Pudú","Adulto","Ancud","1/4/2024","Atropello"," Muerte"
"Pudú","Juvenil ","Ancud","1/5/2024","Atropello","Liberación"
"Bandurria","Neonato","Ancud","1/5/2024","Orfandad","Muerte"
"Pudú","Juvenil","Ancud","1/5/2024","Atropello","Muerte"
"Pudú","Neonato","Dalcahue","1/14/2024","Orfandad","Rehabilitación"
"Pingüino magallanico","Adulto","Quinchao","1/16/2024","Otro","Muerte"
"Pudú","Juvenil","Quellón","1/16/2024","Ataque de perros","Muerte"
"Pingüino magallanico","Juvenil","Quellón ","1/16/2024","Trauma ","Rehabilitación"
"Pudú","Adulto","Ancud","1/16/2024","Ataque de perros","Muerte"
"Pingüino magallanico","Juvenil","Ancud","1/16/2024","Otro","Muerte"
"Tiuque","Juvenil","Ancud","1/18/2024","Orfandad","Muerte"
"Pingüino","Juvenil","No data","1/18/2024","Otro","Rehabilitación"
"Pudú","Neonato","Chonchi","1/25/2024","Ataque de perros","Muerte"
"Ratón topo valdiviano","Adulto","Ancud","1/26/2024","Otro","Muerte"
"Golondrina","Neonato","Ancud","1/26/2024","Orfandad","Muerte"
"Golondrina","Neonato","Ancud","1/26/2024","Orfandad","Muerte"
"Golondrina","Neonato","Ancud","1/26/2024","Orfandad","Muerte"
"Golondrina","Neonato","Ancud","1/26/2024","Orfandad","Muerte"
"Pingüino","Juvenil","Castro","1/26/2024","Otro","Muerte"
"Tiuque","Juvenil","Quellón","1/26/2024","Orfandad","Liberación"
"Monito del monte","Neonato","Pto Montt","1/29/2024","Orfandad","Muerte"
"Monito del monte","Neonato","Pto Montt","1/29/2024","Orfandad","Muerte"
"Monito del monte","Neonato","Pto Montt","1/29/2024","Orfandad","Muerte"
"Monito del monte","Neonato","Pto Montt","1/29/2024","Orfandad","Muerte"
"Loro Choroy","Juvenil","Castro","2/4/2024","Trauma","Muerte"
"Pudú","Neonato","Dalcahue","2/5/2024","Ataque de perros","Rehabilitación"
"Tiuque","Juvenil","Pto Varas","2/9/2024","Otro","Rehabilitación"
"Pudú","Neonato","Chonchi","2/11/2024","Orfandad","Muerte"
"Zorro chilla","Juvenil ","Pto Montt","2/12/2024","Otro","Muerte"
"Tiuque","Juvenil","Pto Montt","2/12/2024","Otro","Muerte"
"Pudú","Juvenil","Chonchi","2/12/2024","Ataque de perros","Muerte"
"Zorzal","Neonato","Ancud","2/1/2024","Orfandad","Muerte"
"Pudú","5 años","Castro","2/13/2024","Ataque de perros","Muerte"
"Loro choroy","Juvenil","Ancud","2/15/2024","Trauma","Muerte"
"Ratón topo valdiviano","Juvenil","Ancud","2/18/2024","Otro","Muerte"
"Pudú","Neonato","Ancud","2/19/2024","Orfandad","Rehabilitación"
"Zorro chilote","Adulto","Ancud","2/19/2024","Atropello","Muerte"
"zorro chilote","Juvenil","Ancud","2/22/2024","Orfandad","Rehabilitación"
"Loro Choroy","Juvenil","Chonchi","2/23/2024","Otro","Rehabilitación"
"Chirihue","Juvenil","Castro","2/23/2024","Otro","Muerte"
"Fiofio","Juvenil","Castro","2/23/2024","Otro","Muerte"
"Pudú","Juvenil","Ancud","2/24/2024","Ataque de perros","Muerte"
"Bandurria","Juvenil","Quinchao","2/25/2024","Otro","Muerte"
"Fiofio","Adulto","Ancud","2/25/2024","Trauma","Muerte"
"Pingüino","Juvenil","Ancud","2/25/2024","Otro","Muerte"
"Loro choroy","Juvenil","Puerto Octay","2/26/2024","Otro","Muerte"
"Loro choroy","Juvenil","Calbuco","2/26/2024","Otro","Muerte"
"Loro choroy","Juvenil","Maullín","2/26/2024","Otro","Muerte"
"Pingüino","Juvenil","Ancud","2/26/2024","Otro","Muerte"
"Loro choroy","Juvenil","Osorno","2/29/2024","Otro","Muerte"
"Loro choroy","Juvenil","Osorno","2/29/2024","Otro","Muerte"
"Loro choroy","Juvenil","Osorno","2/29/2024","Otro","Rehabilitación"
"Loro choroy","Adulto","Osorno","2/29/2024","Otro","Muerte"
"Guiña","Neonato","Castro","2/29/2024","Orfandad","Rehabilitación"
"Loro choroy","Juvenil","Osorno ","3/1/2024","Otro","Rehabilitación"
"Loro choroy","Juvenil","Chonchi","3/4/2024","Otro","Muerte"
"Torcaza","Adulto","Chonchi","3/6/2024","Otro","Muerte"
"Loro choroy","Juvenil","Osorno","3/7/2024","Trauma","Muerte"
"Loro choroy","Juvenil","Osorno","3/7/2024","Otro","Muerte"
"Loro choroy","Juvenil","Queilen","7/7/2024","Otro","Rehabilitación"
"Roedores","Neonato","Castro","3/7/2024","Orfandad","Muerte"
"Loro choroy","Juvenil","Dalcahue","3/8/2024","Atropello","Muerte"
"Loro choroy","Juvenil","Castro","3/8/2024","Otro","Muerte"
"Loro choroy","Juvenil","No data","No data","No data","Rehabilitación"
"Loro choroy","Juvenil","Osorno","3/15/2024","Otro","Muerte"
"Torcaza","Neonato","No data","No data","No data","Muerte"
"Loro choroy","","No data","No data","No data","Rehabilitación"
"Loro choroy","","No data","No data","No data","Rehabilitación"
"Pudú","Juvenil","No data","3/15/2024","Atropello","Muerte"
"Loro choroy","Juvenil","Quemchi","3/17/2024","Atropello","Muerte"
"Loro choroy","Juvenil","No data","3/18/2024","Otro","Muerte"
"Tiuque","Juvenil","No data","3/20/2024","Atropello","Muerte"
"Pudú","Neonato","Ancud","3/20/2024","Ataque de perros","Muerte"
"Queltehue","Juvenil","Ancud","3/21/2024","Atropello","Muerte"
"Picaflor","Juvenil","Castro","3/23/2024","Otro","Muerte"
"Picaflor","Juvenil","Ancud","3/20/2024","Otro","Muerte"
"Loro cachaña","Juvenil"," Quellón","3/26/2024","Otro","Muerte"
"Loro choroy","Juvenil","Osorno","3/28/2024","Otro","Muerte"
"Loro choroy","Juvenil","Osorno","3/28/2024","Otro","Rehabilitación"
"Raton colilarga","Neonato","Ancud","3/23/2024","Otro","Liberación"
"Raton colilarga","Neonato","Ancud","3/23/2024","Otro","Liberación"
"Raton colilarga","Neonato","Ancud","3/23/2024","Otro","Liberación"
"Raton colilarga","Neonato","Ancud","3/23/2024","Otro","Liberación"
"Raton colilarga","Neonato","Ancud","3/23/2024","Otro","Muerte"
"Queltehue","Adulto","Chonchi","3/31/2024","Trauma ","Muerte"
"Loro cachaña","Juvenil","Castro","4/3/2024","Remisión","Muerte"
"Loro choroy","Juvenil","Osorno","4/4/2024","Otro","Rehabilitación"
"Loro choroy","Juvenil","Osorno","4/4/2024","Otro","Muerte"
"Gallinita ciega","Juvenil","Castro","4/4/2024","Otro","Muerte"
"Loro choroy","Juvenil","Castro","4/5/2024","Otro","Rehabilitación"
"Loro cachaña","Juvenil","Quellón","4/5/2024","Otro","Muerte"
"Loro choroy","Juvenil","Pto Montt","4/7/2024","Otro","Rehabilitación"
"Tortola","Adulto","Ancud","4/7/2024","Trauma","Muerte"
"Pudú","Adulto","Quellón","4/8/2024","Atropello","Muerte"
"Pingüino","Juvenil","Ancud","4/10/2024","Trauma","Muerte"
"Pudú","Juvenil","Ancud","4/11/2024","Ataque de perros","Muerte"
"Loro choroy","Juvenil","Ancud","4/15/2024","Trauma","Rehabilitación"
"Loro choroy","Adulto","Castro","4/15/2024","Trauma","Rehabilitación"
"Cachaña","Juvenil","Chonchi","4/17/2024","Trauma","Muerte"
"Pudú","Neonato","Dalcahue","4/18/2024","Ataque de perros","Rehabilitación"
"Lobo marino","Neonato","Ancud","4/19/2024","Otro","Muerte"
"Loro choroy","Juvenil","Castro","4/21/2024","Trauma","Rehabilitación"
"Murcielago peludo colorado","No data","Ancud","4/22/2024","Trauma","Muerte"
"Huairavo","Juvenil","Dalcahue","4/24/2024","Trauma","Rehabilitación"
"Loro choroy","Juvenil","Quellón","4/26/2024","Trauma","Rehabilitación"
"Torcaza","Juvenil","Castro","4/26/2024","Trauma ","Muerte"
"Becasina grande","Adulto","Quellón","5/3/2024","Otro","Muerte"
"Zorzal","Juvenil","Ancud","5/4/2024","Atropello","Muerte"
"Gaviota","Adulto","Ancud","5/5/2024","Ataque de perros","Liberación"
"Pudú","Juvenil","Dalcahue","5/7/2024","Atropello","Muerte"
"Pudú","Juvenil","Dalcahue","5/7/2024","Atropello","Muerte "
"Pelícano","Juvenil","Ancud","5/7/2024","Otro","Liberación"
"Cachaña","Juvenil","Quellón","5/9/2024","Otro","Muerte"
"Zorzal","Juvenil","Ancud","5/10/2024","Otro","Muerte"
"tiuque","Juvenil","No data","5/13/2024","Otro","Rehabilitación"
"pudú","Adulto","chonchi","5/13/2024","Ataque de perros","Rehabilitación"
"Albatros ceja negra","Juvenil"," Chonchi","5/13/2024","Otro","Muerte"
"Yeco","Juvenil","No data","5/15/2024","Otro","Muerte"
"Petrel gigante antartico","Juvenil","No data","5/16/2024","Otro","Muerte"
"Pudú","Neonato","Ancud","No data","Atropello","Muerte"
"Pelícano","Neonato","No data","5/20/2024","Otro","Liberación"
"Cachaña","Juvenil","Quellón","5/9/2024","Trauma","Muerte"
"Pudú","Juvenil","Quemchi","5/24/2024","Ataque de perros","Rehabilitación"
"Pudú","Juvenil","Ancud","5/29/2024","Ataque de perros","Muerte"
"Pudú","Neonato","chonchi","5/31/2024","Trauma","Muerte"
"Pudú","Juvenil","Ancud","6/2/2024","Ataque de perros","Muerte"
"Pudú","Juvenil","Dalcahue","6/5/2024","Atropello","Muerte"
"Gaviota cahuil","Adulto","Quinchao","6/13/2024","Otro","Muerte"
"Monito del monte","Neonato","Ancud","6/13/2024","Otro","Rehabilitación"
"Cormoran yeco","Juvenil","Ancud ","6/14/2024","Otro","Muerte"
"Gaviota dominicana","Adulto","Ancud ","6/17/2024","Trauma","Rehabilitación"
